,family,father,mother,gender,height,kids,male,female
0,1,78.5,67.0,M,73.2,4,1.0,0.0
1,1,78.5,67.0,F,69.2,4,0.0,1.0
2,1,78.5,67.0,F,69.0,4,0.0,1.0
3,1,78.5,67.0,F,69.0,4,0.0,1.0
4,2,75.5,66.5,M,73.5,4,1.0,0.0
5,2,75.5,66.5,M,72.5,4,1.0,0.0
6,2,75.5,66.5,F,65.5,4,0.0,1.0
7,2,75.5,66.5,F,65.5,4,0.0,1.0
8,3,75.0,64.0,M,71.0,2,1.0,0.0
9,3,75.0,64.0,F,68.0,2,0.0,1.0
10,4,75.0,64.0,M,70.5,5,1.0,0.0
11,4,75.0,64.0,M,68.5,5,1.0,0.0
12,4,75.0,64.0,F,67.0,5,0.0,1.0
13,4,75.0,64.0,F,64.5,5,0.0,1.0
14,4,75.0,64.0,F,63.0,5,0.0,1.0
15,5,75.0,58.5,M,72.0,6,1.0,0.0
16,5,75.0,58.5,M,69.0,6,1.0,0.0
17,5,75.0,58.5,M,68.0,6,1.0,0.0
18,5,75.0,58.5,F,66.5,6,0.0,1.0
19,5,75.0,58.5,F,62.5,6,0.0,1.0
20,5,75.0,58.5,F,62.5,6,0.0,1.0
21,6,74.0,68.0,F,69.5,1,0.0,1.0
22,7,74.0,68.0,M,76.5,6,1.0,0.0
23,7,74.0,68.0,M,74.0,6,1.0,0.0
24,7,74.0,68.0,M,73.0,6,1.0,0.0
25,7,74.0,68.0,M,73.0,6,1.0,0.0
26,7,74.0,68.0,F,70.5,6,0.0,1.0
27,7,74.0,68.0,F,64.0,6,0.0,1.0
28,8,74.0,66.5,F,70.5,3,0.0,1.0
29,8,74.0,66.5,F,68.0,3,0.0,1.0
30,8,74.0,66.5,F,66.0,3,0.0,1.0
31,9,74.5,66.0,F,66.0,1,0.0,1.0
32,10,74.0,65.5,F,65.5,1,0.0,1.0
33,11,74.0,62.0,M,74.0,8,1.0,0.0
34,11,74.0,62.0,M,70.0,8,1.0,0.0
35,11,74.0,62.0,F,68.0,8,0.0,1.0
36,11,74.0,62.0,F,67.0,8,0.0,1.0
37,11,74.0,62.0,F,67.0,8,0.0,1.0
38,11,74.0,62.0,F,66.0,8,0.0,1.0
39,11,74.0,62.0,F,63.5,8,0.0,1.0
40,11,74.0,62.0,F,63.0,8,0.0,1.0
41,12,74.0,61.0,F,65.0,1,0.0,1.0
42,14,73.0,67.0,M,68.0,2,1.0,0.0
43,14,73.0,67.0,M,67.0,2,1.0,0.0
44,15,73.0,66.5,M,71.0,3,1.0,0.0
45,15,73.0,66.5,M,70.5,3,1.0,0.0
46,15,73.0,66.5,F,66.7,3,0.0,1.0
47,16,73.0,65.0,M,72.0,9,1.0,0.0
48,16,73.0,65.0,M,70.5,9,1.0,0.0
49,16,73.0,65.0,M,70.2,9,1.0,0.0
50,16,73.0,65.0,M,70.2,9,1.0,0.0
51,16,73.0,65.0,M,69.2,9,1.0,0.0
52,16,73.0,65.0,F,68.7,9,0.0,1.0
53,16,73.0,65.0,F,66.5,9,0.0,1.0
54,16,73.0,65.0,F,64.5,9,0.0,1.0
55,16,73.0,65.0,F,63.5,9,0.0,1.0
56,17,73.0,64.5,M,74.0,6,1.0,0.0
57,17,73.0,64.5,M,73.0,6,1.0,0.0
58,17,73.0,64.5,M,71.5,6,1.0,0.0
59,17,73.0,64.5,M,62.5,6,1.0,0.0
60,17,73.0,64.5,F,66.5,6,0.0,1.0
61,17,73.0,64.5,F,62.3,6,0.0,1.0
62,18,73.0,64.0,F,66.0,3,0.0,1.0
63,18,73.0,64.0,F,64.5,3,0.0,1.0
64,18,73.0,64.0,F,64.0,3,0.0,1.0
65,19,73.2,63.0,F,62.7,1,0.0,1.0
66,20,72.7,69.0,M,73.2,8,1.0,0.0
67,20,72.7,69.0,M,73.0,8,1.0,0.0
68,20,72.7,69.0,M,72.7,8,1.0,0.0
69,20,72.7,69.0,F,70.0,8,0.0,1.0
70,20,72.7,69.0,F,69.0,8,0.0,1.0
71,20,72.7,69.0,F,68.5,8,0.0,1.0
72,20,72.7,69.0,F,68.0,8,0.0,1.0
73,20,72.7,69.0,F,66.0,8,0.0,1.0
74,21,72.0,68.0,M,73.0,3,1.0,0.0
75,21,72.0,68.0,F,68.5,3,0.0,1.0
76,21,72.0,68.0,F,68.0,3,0.0,1.0
77,22,72.0,67.0,M,73.0,3,1.0,0.0
78,22,72.0,67.0,M,71.0,3,1.0,0.0
79,22,72.0,67.0,F,67.0,3,0.0,1.0
80,23,72.0,65.0,M,74.2,7,1.0,0.0
81,23,72.0,65.0,M,70.5,7,1.0,0.0
82,23,72.0,65.0,M,69.5,7,1.0,0.0
83,23,72.0,65.0,F,66.0,7,0.0,1.0
84,23,72.0,65.0,F,65.5,7,0.0,1.0
85,23,72.0,65.0,F,65.0,7,0.0,1.0
86,23,72.0,65.0,F,65.0,7,0.0,1.0
87,24,72.0,65.5,F,65.5,1,0.0,1.0
88,25,72.0,64.0,F,66.0,2,0.0,1.0
89,25,72.0,64.0,F,63.0,2,0.0,1.0
90,26,72.0,63.0,M,70.5,5,1.0,0.0
91,26,72.0,63.0,M,70.5,5,1.0,0.0
92,26,72.0,63.0,M,69.0,5,1.0,0.0
93,26,72.0,63.0,F,65.0,5,0.0,1.0
94,26,72.0,63.0,F,63.0,5,0.0,1.0
95,27,72.0,63.0,M,69.0,3,1.0,0.0
96,27,72.0,63.0,M,67.0,3,1.0,0.0
97,27,72.0,63.0,F,63.0,3,0.0,1.0
98,28,72.0,63.0,M,73.0,6,1.0,0.0
99,28,72.0,63.0,M,67.0,6,1.0,0.0
100,28,72.0,63.0,F,70.5,6,0.0,1.0
101,28,72.0,63.0,F,70.0,6,0.0,1.0
102,28,72.0,63.0,F,66.5,6,0.0,1.0
103,28,72.0,63.0,F,63.0,6,0.0,1.0
104,29,72.5,63.5,F,67.5,3,0.0,1.0
105,29,72.5,63.5,F,67.2,3,0.0,1.0
106,29,72.5,63.5,F,66.7,3,0.0,1.0
107,30,72.0,62.0,F,64.0,1,0.0,1.0
108,31,72.5,62.0,M,71.0,6,1.0,0.0
109,31,72.5,62.0,M,70.0,6,1.0,0.0
110,31,72.5,62.0,M,70.0,6,1.0,0.0
111,31,72.5,62.0,F,66.0,6,0.0,1.0
112,31,72.5,62.0,F,65.0,6,0.0,1.0
113,31,72.5,62.0,F,65.0,6,0.0,1.0
114,32,72.0,62.0,M,74.0,5,1.0,0.0
115,32,72.0,62.0,M,72.0,5,1.0,0.0
116,32,72.0,62.0,M,69.0,5,1.0,0.0
117,32,72.0,62.0,F,67.5,5,0.0,1.0
118,32,72.0,62.0,F,63.5,5,0.0,1.0
119,33,72.0,62.0,M,72.0,5,1.0,0.0
120,33,72.0,62.0,M,71.5,5,1.0,0.0
121,33,72.0,62.0,M,71.5,5,1.0,0.0
122,33,72.0,62.0,M,70.0,5,1.0,0.0
123,33,72.0,62.0,F,68.0,5,0.0,1.0
124,34,72.0,61.0,F,65.7,1,0.0,1.0
125,35,71.0,69.0,M,78.0,5,1.0,0.0
126,35,71.0,69.0,M,74.0,5,1.0,0.0
127,35,71.0,69.0,M,73.0,5,1.0,0.0
128,35,71.0,69.0,M,72.0,5,1.0,0.0
129,35,71.0,69.0,F,67.0,5,0.0,1.0
130,36,71.0,67.0,M,73.2,4,1.0,0.0
131,36,71.0,67.0,M,73.0,4,1.0,0.0
132,36,71.0,67.0,M,69.0,4,1.0,0.0
133,36,71.0,67.0,F,67.0,4,0.0,1.0
134,37,71.0,66.0,M,70.0,4,1.0,0.0
135,37,71.0,66.0,F,67.0,4,0.0,1.0
136,37,71.0,66.0,F,67.0,4,0.0,1.0
137,37,71.0,66.0,F,66.5,4,0.0,1.0
138,38,71.0,66.0,M,70.0,6,1.0,0.0
139,38,71.0,66.0,M,69.0,6,1.0,0.0
140,38,71.0,66.0,M,68.5,6,1.0,0.0
141,38,71.0,66.0,F,66.0,6,0.0,1.0
142,38,71.0,66.0,F,64.5,6,0.0,1.0
143,38,71.0,66.0,F,63.0,6,0.0,1.0
144,39,71.0,66.0,M,71.0,2,1.0,0.0
145,39,71.0,66.0,F,67.0,2,0.0,1.0
146,40,71.0,66.0,M,76.0,5,1.0,0.0
147,40,71.0,66.0,M,72.0,5,1.0,0.0
148,40,71.0,66.0,M,71.0,5,1.0,0.0
149,40,71.0,66.0,M,66.0,5,1.0,0.0
150,40,71.0,66.0,F,66.0,5,0.0,1.0
151,41,71.7,65.5,M,70.5,1,1.0,0.0
152,42,71.0,65.5,M,72.0,6,1.0,0.0
153,42,71.0,65.5,M,72.0,6,1.0,0.0
154,42,71.0,65.5,M,71.0,6,1.0,0.0
155,42,71.0,65.5,M,69.0,6,1.0,0.0
156,42,71.0,65.5,F,66.0,6,0.0,1.0
157,42,71.0,65.5,F,65.0,6,0.0,1.0
158,43,71.5,65.5,M,73.0,2,1.0,0.0
159,43,71.5,65.5,F,65.2,2,0.0,1.0
160,44,71.5,65.0,M,68.5,2,1.0,0.0
161,44,71.5,65.0,M,67.7,2,1.0,0.0
162,45,71.0,65.0,M,68.0,3,1.0,0.0
163,45,71.0,65.0,M,68.0,3,1.0,0.0
164,45,71.0,65.0,F,62.0,3,0.0,1.0
165,46,71.0,64.0,F,68.0,8,0.0,1.0
166,46,71.0,64.0,F,68.0,8,0.0,1.0
167,46,71.0,64.0,F,67.5,8,0.0,1.0
168,46,71.0,64.0,F,66.5,8,0.0,1.0
169,46,71.0,64.0,F,66.5,8,0.0,1.0
170,46,71.0,64.0,F,66.0,8,0.0,1.0
171,46,71.0,64.0,F,65.5,8,0.0,1.0
172,46,71.0,64.0,F,65.0,8,0.0,1.0
173,47,71.7,64.5,M,72.0,4,1.0,0.0
174,47,71.7,64.5,M,71.0,4,1.0,0.0
175,47,71.7,64.5,M,70.5,4,1.0,0.0
176,47,71.7,64.5,F,67.0,4,0.0,1.0
177,48,71.0,64.0,M,68.0,3,1.0,0.0
178,48,71.0,64.0,M,68.0,3,1.0,0.0
179,48,71.0,64.0,M,68.0,3,1.0,0.0
180,49,71.5,64.5,M,72.0,7,1.0,0.0
181,49,71.5,64.5,M,71.0,7,1.0,0.0
182,49,71.5,64.5,M,70.0,7,1.0,0.0
183,49,71.5,64.5,F,66.0,7,0.0,1.0
184,49,71.5,64.5,F,64.5,7,0.0,1.0
185,49,71.5,64.5,F,64.5,7,0.0,1.0
186,49,71.5,64.5,F,62.0,7,0.0,1.0
187,51,71.2,63.0,F,67.5,2,0.0,1.0
188,51,71.2,63.0,F,64.5,2,0.0,1.0
189,52,71.0,63.5,M,71.0,5,1.0,0.0
190,52,71.0,63.5,M,67.0,5,1.0,0.0
191,52,71.0,63.5,F,66.0,5,0.0,1.0
192,52,71.0,63.5,F,65.0,5,0.0,1.0
193,52,71.0,63.5,F,63.5,5,0.0,1.0
194,53,71.0,63.0,M,71.0,9,1.0,0.0
195,53,71.0,63.0,M,70.0,9,1.0,0.0
196,53,71.0,63.0,M,70.0,9,1.0,0.0
197,53,71.0,63.0,M,64.0,9,1.0,0.0
198,53,71.0,63.0,F,65.0,9,0.0,1.0
199,53,71.0,63.0,F,65.0,9,0.0,1.0
200,53,71.0,63.0,F,64.0,9,0.0,1.0
201,53,71.0,63.0,F,63.0,9,0.0,1.0
202,53,71.0,63.0,F,63.0,9,0.0,1.0
203,54,71.0,63.0,M,71.0,4,1.0,0.0
204,54,71.0,63.0,M,71.0,4,1.0,0.0
205,54,71.0,63.0,M,70.0,4,1.0,0.0
206,54,71.0,63.0,F,63.5,4,0.0,1.0
207,55,71.0,62.0,M,71.0,5,1.0,0.0
208,55,71.0,62.0,M,70.0,5,1.0,0.0
209,55,71.0,62.0,F,64.5,5,0.0,1.0
210,55,71.0,62.0,F,62.5,5,0.0,1.0
211,55,71.0,62.0,F,61.5,5,0.0,1.0
212,56,71.0,62.0,M,72.0,5,1.0,0.0
213,56,71.0,62.0,M,70.5,5,1.0,0.0
214,56,71.0,62.0,M,70.5,5,1.0,0.0
215,56,71.0,62.0,F,64.5,5,0.0,1.0
216,56,71.0,62.0,F,60.0,5,0.0,1.0
217,57,71.0,62.5,M,70.0,5,1.0,0.0
218,57,71.0,62.5,F,64.0,5,0.0,1.0
219,57,71.0,62.5,F,64.0,5,0.0,1.0
220,57,71.0,62.5,F,64.0,5,0.0,1.0
221,57,71.0,62.5,F,62.5,5,0.0,1.0
222,58,71.0,62.0,M,70.5,7,1.0,0.0
223,58,71.0,62.0,M,70.0,7,1.0,0.0
224,58,71.0,62.0,M,69.0,7,1.0,0.0
225,58,71.0,62.0,M,69.0,7,1.0,0.0
226,58,71.0,62.0,M,66.0,7,1.0,0.0
227,58,71.0,62.0,F,64.5,7,0.0,1.0
228,58,71.0,62.0,F,64.0,7,0.0,1.0
229,59,71.0,61.0,F,62.0,1,0.0,1.0
230,60,71.0,58.0,M,71.5,2,1.0,0.0
231,60,71.0,58.0,M,69.0,2,1.0,0.0
232,61,70.0,69.0,M,71.0,4,1.0,0.0
233,61,70.0,69.0,M,70.0,4,1.0,0.0
234,61,70.0,69.0,M,69.0,4,1.0,0.0
235,61,70.0,69.0,F,69.0,4,0.0,1.0
236,62,70.0,69.0,M,70.0,6,1.0,0.0
237,62,70.0,69.0,M,68.7,6,1.0,0.0
238,62,70.0,69.0,F,68.0,6,0.0,1.0
239,62,70.0,69.0,F,66.0,6,0.0,1.0
240,62,70.0,69.0,F,64.0,6,0.0,1.0
241,62,70.0,69.0,F,62.0,6,0.0,1.0
242,63,70.0,68.0,M,75.0,1,1.0,0.0
243,64,70.0,67.0,M,70.0,5,1.0,0.0
244,64,70.0,67.0,M,69.0,5,1.0,0.0
245,64,70.0,67.0,F,66.0,5,0.0,1.0
246,64,70.0,67.0,F,64.0,5,0.0,1.0
247,64,70.0,67.0,F,60.0,5,0.0,1.0
248,65,70.0,67.0,F,67.5,1,0.0,1.0
249,66,70.0,66.5,M,73.0,11,1.0,0.0
250,66,70.0,66.5,M,72.0,11,1.0,0.0
251,66,70.0,66.5,M,72.0,11,1.0,0.0
252,66,70.0,66.5,M,66.5,11,1.0,0.0
253,66,70.0,66.5,F,69.2,11,0.0,1.0
254,66,70.0,66.5,F,67.2,11,0.0,1.0
255,66,70.0,66.5,F,66.5,11,0.0,1.0
256,66,70.0,66.5,F,66.0,11,0.0,1.0
257,66,70.0,66.5,F,66.0,11,0.0,1.0
258,66,70.0,66.5,F,64.2,11,0.0,1.0
259,66,70.0,66.5,F,63.7,11,0.0,1.0
260,67,70.5,65.0,M,72.0,4,1.0,0.0
261,67,70.5,65.0,M,70.2,4,1.0,0.0
262,67,70.5,65.0,M,69.0,4,1.0,0.0
263,67,70.5,65.0,M,68.5,4,1.0,0.0
264,68,70.5,65.0,F,68.0,5,0.0,1.0
265,68,70.5,65.0,F,65.0,5,0.0,1.0
266,68,70.5,65.0,F,61.5,5,0.0,1.0
267,68,70.5,65.0,F,61.0,5,0.0,1.0
268,68,70.5,65.0,F,61.0,5,0.0,1.0
269,69,70.0,65.0,M,73.0,8,1.0,0.0
270,69,70.0,65.0,M,72.0,8,1.0,0.0
271,69,70.0,65.0,M,70.5,8,1.0,0.0
272,69,70.0,65.0,M,65.0,8,1.0,0.0
273,69,70.0,65.0,M,65.0,8,1.0,0.0
274,69,70.0,65.0,F,64.5,8,0.0,1.0
275,69,70.0,65.0,F,63.0,8,0.0,1.0
276,69,70.0,65.0,F,62.0,8,0.0,1.0
277,70,70.0,65.0,M,67.0,5,1.0,0.0
278,70,70.0,65.0,M,65.0,5,1.0,0.0
279,70,70.0,65.0,F,64.5,5,0.0,1.0
280,70,70.0,65.0,F,62.5,5,0.0,1.0
281,70,70.0,65.0,F,62.5,5,0.0,1.0
282,71,70.0,65.0,M,70.0,6,1.0,0.0
283,71,70.0,65.0,M,70.0,6,1.0,0.0
284,71,70.0,65.0,F,67.0,6,0.0,1.0
285,71,70.0,65.0,F,65.0,6,0.0,1.0
286,71,70.0,65.0,F,65.0,6,0.0,1.0
287,71,70.0,65.0,F,63.0,6,0.0,1.0
288,72,70.0,65.0,M,79.0,7,1.0,0.0
289,72,70.0,65.0,M,75.0,7,1.0,0.0
290,72,70.0,65.0,M,71.0,7,1.0,0.0
291,72,70.0,65.0,F,69.0,7,0.0,1.0
292,72,70.0,65.0,F,67.0,7,0.0,1.0
293,72,70.0,65.0,F,65.7,7,0.0,1.0
294,72,70.0,65.0,F,62.0,7,0.0,1.0
295,73,70.0,65.0,M,73.0,3,1.0,0.0
296,73,70.0,65.0,M,72.5,3,1.0,0.0
297,73,70.0,65.0,F,65.0,3,0.0,1.0
298,74,70.0,65.0,M,69.0,2,1.0,0.0
299,74,70.0,65.0,M,69.0,2,1.0,0.0
300,75,70.0,64.7,M,72.0,7,1.0,0.0
301,75,70.0,64.7,M,70.0,7,1.0,0.0
302,75,70.0,64.7,M,68.7,7,1.0,0.0
303,75,70.0,64.7,F,66.5,7,0.0,1.0
304,75,70.0,64.7,F,65.5,7,0.0,1.0
305,75,70.0,64.7,F,64.7,7,0.0,1.0
306,75,70.0,64.7,F,64.5,7,0.0,1.0
307,76,70.0,64.0,M,70.7,7,1.0,0.0
308,76,70.0,64.0,M,70.0,7,1.0,0.0
309,76,70.0,64.0,M,68.0,7,1.0,0.0
310,76,70.0,64.0,M,67.0,7,1.0,0.0
311,76,70.0,64.0,M,66.0,7,1.0,0.0
312,76,70.0,64.0,M,65.0,7,1.0,0.0
313,76,70.0,64.0,F,67.0,7,0.0,1.0
314,77,70.0,64.0,M,70.0,4,1.0,0.0
315,77,70.0,64.0,M,68.0,4,1.0,0.0
316,77,70.0,64.0,M,66.7,4,1.0,0.0
317,77,70.0,64.0,F,65.5,4,0.0,1.0
318,78,70.0,64.2,M,72.0,5,1.0,0.0
319,78,70.0,64.2,M,70.0,5,1.0,0.0
320,78,70.0,64.2,F,62.5,5,0.0,1.0
321,78,70.0,64.2,F,61.2,5,0.0,1.0
322,78,70.0,64.2,F,60.1,5,0.0,1.0
323,79,70.5,64.0,M,74.0,8,1.0,0.0
324,79,70.5,64.0,M,69.5,8,1.0,0.0
325,79,70.5,64.0,M,69.0,8,1.0,0.0
326,79,70.5,64.0,M,68.0,8,1.0,0.0
327,79,70.5,64.0,M,68.0,8,1.0,0.0
328,79,70.5,64.0,M,68.0,8,1.0,0.0
329,79,70.5,64.0,F,65.5,8,0.0,1.0
330,79,70.5,64.0,F,65.0,8,0.0,1.0
331,80,70.5,64.5,F,60.0,1,0.0,1.0
332,81,70.0,64.0,M,68.0,4,1.0,0.0
333,81,70.0,64.0,F,65.0,4,0.0,1.0
334,81,70.0,64.0,F,64.0,4,0.0,1.0
335,81,70.0,64.0,F,62.0,4,0.0,1.0
336,82,70.0,64.0,M,71.0,9,1.0,0.0
337,82,70.0,64.0,M,70.0,9,1.0,0.0
338,82,70.0,64.0,M,70.0,9,1.0,0.0
339,82,70.0,64.0,M,70.0,9,1.0,0.0
340,82,70.0,64.0,M,69.5,9,1.0,0.0
341,82,70.0,64.0,M,68.5,9,1.0,0.0
342,82,70.0,64.0,F,69.0,9,0.0,1.0
343,82,70.0,64.0,F,65.0,9,0.0,1.0
344,82,70.0,64.0,F,64.0,9,0.0,1.0
345,83,70.0,63.7,M,70.0,8,1.0,0.0
346,83,70.0,63.7,M,67.0,8,1.0,0.0
347,83,70.0,63.7,M,65.5,8,1.0,0.0
348,83,70.0,63.7,F,63.7,8,0.0,1.0
349,83,70.0,63.7,F,63.2,8,0.0,1.0
350,83,70.0,63.7,F,62.5,8,0.0,1.0
351,83,70.0,63.7,F,62.2,8,0.0,1.0
352,83,70.0,63.7,F,61.0,8,0.0,1.0
353,85,70.5,63.0,M,72.5,5,1.0,0.0
354,85,70.5,63.0,M,69.0,5,1.0,0.0
355,85,70.5,63.0,M,67.0,5,1.0,0.0
356,85,70.5,63.0,F,64.5,5,0.0,1.0
357,85,70.5,63.0,F,64.0,5,0.0,1.0
358,86,70.0,63.5,M,71.0,4,1.0,0.0
359,86,70.0,63.5,M,67.5,4,1.0,0.0
360,86,70.0,63.5,F,67.5,4,0.0,1.0
361,86,70.0,63.5,F,63.5,4,0.0,1.0
362,87,70.0,63.0,M,68.0,4,1.0,0.0
363,87,70.0,63.0,M,67.0,4,1.0,0.0
364,87,70.0,63.0,F,63.7,4,0.0,1.0
365,87,70.0,63.0,F,62.0,4,0.0,1.0
366,88,70.0,63.0,M,70.0,4,1.0,0.0
367,88,70.0,63.0,M,66.5,4,1.0,0.0
368,88,70.0,63.0,F,62.0,4,0.0,1.0
369,88,70.0,63.0,F,61.0,4,0.0,1.0
370,89,70.5,62.0,M,72.0,8,1.0,0.0
371,89,70.5,62.0,M,70.0,8,1.0,0.0
372,89,70.5,62.0,M,69.5,8,1.0,0.0
373,89,70.5,62.0,M,69.5,8,1.0,0.0
374,89,70.5,62.0,M,68.0,8,1.0,0.0
375,89,70.5,62.0,F,65.0,8,0.0,1.0
376,89,70.5,62.0,F,64.0,8,0.0,1.0
377,89,70.5,62.0,F,63.0,8,0.0,1.0
378,90,70.3,62.7,M,70.7,7,1.0,0.0
379,90,70.3,62.7,M,69.7,7,1.0,0.0
380,90,70.3,62.7,M,69.2,7,1.0,0.0
381,90,70.3,62.7,M,65.2,7,1.0,0.0
382,90,70.3,62.7,F,64.0,7,0.0,1.0
383,90,70.3,62.7,F,63.5,7,0.0,1.0
384,90,70.3,62.7,F,63.2,7,0.0,1.0
385,91,70.5,62.0,M,72.0,3,1.0,0.0
386,91,70.5,62.0,M,72.0,3,1.0,0.0
387,91,70.5,62.0,F,60.0,3,0.0,1.0
388,92,70.0,61.0,M,71.2,2,1.0,0.0
389,92,70.0,61.0,M,67.0,2,1.0,0.0
390,93,70.0,60.0,M,67.0,4,1.0,0.0
391,93,70.0,60.0,M,64.5,4,1.0,0.0
392,93,70.0,60.0,F,65.0,4,0.0,1.0
393,93,70.0,60.0,F,63.0,4,0.0,1.0
394,94,70.0,60.0,F,65.0,2,0.0,1.0
395,94,70.0,60.0,F,65.0,2,0.0,1.0
396,95,70.0,58.5,M,71.5,3,1.0,0.0
397,95,70.0,58.5,M,64.5,3,1.0,0.0
398,95,70.0,58.5,F,63.0,3,0.0,1.0
399,96,70.0,58.0,M,72.0,5,1.0,0.0
400,96,70.0,58.0,M,66.0,5,1.0,0.0
401,96,70.0,58.0,F,66.0,5,0.0,1.0
402,96,70.0,58.0,F,65.0,5,0.0,1.0
403,96,70.0,58.0,F,63.0,5,0.0,1.0
404,97,69.0,68.5,M,75.0,10,1.0,0.0
405,97,69.0,68.5,M,71.0,10,1.0,0.0
406,97,69.0,68.5,M,70.0,10,1.0,0.0
407,97,69.0,68.5,F,66.0,10,0.0,1.0
408,97,69.0,68.5,F,66.0,10,0.0,1.0
409,97,69.0,68.5,F,65.5,10,0.0,1.0
410,97,69.0,68.5,F,65.0,10,0.0,1.0
411,97,69.0,68.5,F,65.0,10,0.0,1.0
412,97,69.0,68.5,F,64.0,10,0.0,1.0
413,97,69.0,68.5,F,64.0,10,0.0,1.0
414,98,69.0,67.0,F,64.0,1,0.0,1.0
415,99,69.0,66.0,M,73.0,8,1.0,0.0
416,99,69.0,66.0,M,72.0,8,1.0,0.0
417,99,69.0,66.0,M,71.7,8,1.0,0.0
418,99,69.0,66.0,M,71.5,8,1.0,0.0
419,99,69.0,66.0,F,65.5,8,0.0,1.0
420,99,69.0,66.0,F,65.0,8,0.0,1.0
421,99,69.0,66.0,F,62.7,8,0.0,1.0
422,99,69.0,66.0,F,62.5,8,0.0,1.0
423,100,69.0,66.0,M,71.2,3,1.0,0.0
424,100,69.0,66.0,M,71.0,3,1.0,0.0
425,100,69.0,66.0,M,70.0,3,1.0,0.0
426,101,69.0,66.7,M,75.0,6,1.0,0.0
427,101,69.0,66.7,M,74.0,6,1.0,0.0
428,101,69.0,66.7,M,72.0,6,1.0,0.0
429,101,69.0,66.7,M,68.5,6,1.0,0.0
430,101,69.0,66.7,M,67.0,6,1.0,0.0
431,101,69.0,66.7,M,66.0,6,1.0,0.0
432,102,69.0,66.0,M,70.0,6,1.0,0.0
433,102,69.0,66.0,M,68.5,6,1.0,0.0
434,102,69.0,66.0,M,68.0,6,1.0,0.0
435,102,69.0,66.0,F,65.0,6,0.0,1.0
436,102,69.0,66.0,F,63.0,6,0.0,1.0
437,102,69.0,66.0,F,62.5,6,0.0,1.0
438,103,69.0,66.5,M,73.0,5,1.0,0.0
439,103,69.0,66.5,M,71.0,5,1.0,0.0
440,103,69.0,66.5,M,70.5,5,1.0,0.0
441,103,69.0,66.5,M,70.5,5,1.0,0.0
442,103,69.0,66.5,F,61.0,5,0.0,1.0
443,104,69.5,66.5,M,70.5,4,1.0,0.0
444,104,69.5,66.5,M,67.5,4,1.0,0.0
445,104,69.5,66.5,F,64.5,4,0.0,1.0
446,104,69.5,66.5,F,64.0,4,0.0,1.0
447,105,69.0,66.5,M,71.0,6,1.0,0.0
448,105,69.0,66.5,F,68.5,6,0.0,1.0
449,105,69.0,66.5,F,67.5,6,0.0,1.0
450,105,69.0,66.5,F,66.0,6,0.0,1.0
451,105,69.0,66.5,F,63.0,6,0.0,1.0
452,105,69.0,66.5,F,63.0,6,0.0,1.0
453,106,69.5,66.0,M,71.0,7,1.0,0.0
454,106,69.5,66.0,M,71.0,7,1.0,0.0
455,106,69.5,66.0,M,70.5,7,1.0,0.0
456,106,69.5,66.0,M,70.5,7,1.0,0.0
457,106,69.5,66.0,F,66.5,7,0.0,1.0
458,106,69.5,66.0,F,65.5,7,0.0,1.0
459,106,69.5,66.0,F,64.5,7,0.0,1.0
460,107,69.0,66.0,M,73.0,9,1.0,0.0
461,107,69.0,66.0,M,72.0,9,1.0,0.0
462,107,69.0,66.0,M,69.0,9,1.0,0.0
463,107,69.0,66.0,M,69.0,9,1.0,0.0
464,107,69.0,66.0,F,66.5,9,0.0,1.0
465,107,69.0,66.0,F,65.5,9,0.0,1.0
466,107,69.0,66.0,F,65.5,9,0.0,1.0
467,107,69.0,66.0,F,65.0,9,0.0,1.0
468,107,69.0,66.0,F,64.0,9,0.0,1.0
469,108,69.0,65.0,M,70.0,7,1.0,0.0
470,108,69.0,65.0,M,68.5,7,1.0,0.0
471,108,69.0,65.0,M,67.0,7,1.0,0.0
472,108,69.0,65.0,F,65.0,7,0.0,1.0
473,108,69.0,65.0,F,64.0,7,0.0,1.0
474,108,69.0,65.0,F,63.5,7,0.0,1.0
475,108,69.0,65.0,F,61.0,7,0.0,1.0
476,109,69.5,64.5,M,69.7,7,1.0,0.0
477,109,69.5,64.5,M,68.0,7,1.0,0.0
478,109,69.5,64.5,M,60.0,7,1.0,0.0
479,109,69.5,64.5,F,65.2,7,0.0,1.0
480,109,69.5,64.5,F,64.5,7,0.0,1.0
481,109,69.5,64.5,F,63.7,7,0.0,1.0
482,109,69.5,64.5,F,60.0,7,0.0,1.0
483,110,69.2,64.0,M,71.7,4,1.0,0.0
484,110,69.2,64.0,M,66.5,4,1.0,0.0
485,110,69.2,64.0,F,65.0,4,0.0,1.0
486,110,69.2,64.0,F,63.5,4,0.0,1.0
487,112,69.0,63.0,M,69.0,3,1.0,0.0
488,112,69.0,63.0,F,67.5,3,0.0,1.0
489,112,69.0,63.0,F,63.5,3,0.0,1.0
490,113,69.0,63.0,M,72.0,1,1.0,0.0
491,114,69.0,63.0,M,73.0,6,1.0,0.0
492,114,69.0,63.0,M,70.0,6,1.0,0.0
493,114,69.0,63.0,M,70.0,6,1.0,0.0
494,114,69.0,63.0,M,64.0,6,1.0,0.0
495,114,69.0,63.0,F,66.0,6,0.0,1.0
496,114,69.0,63.0,F,62.0,6,0.0,1.0
497,115,69.0,63.5,M,70.5,7,1.0,0.0
498,115,69.0,63.5,M,67.0,7,1.0,0.0
499,115,69.0,63.5,M,66.0,7,1.0,0.0
500,115,69.0,63.5,F,65.0,7,0.0,1.0
501,115,69.0,63.5,F,63.0,7,0.0,1.0
502,115,69.0,63.5,F,62.0,7,0.0,1.0
503,115,69.0,63.5,F,61.0,7,0.0,1.0
504,116,69.0,63.5,M,70.5,3,1.0,0.0
505,116,69.0,63.5,F,63.7,3,0.0,1.0
506,116,69.0,63.5,F,63.0,3,0.0,1.0
507,117,69.7,62.0,F,62.5,1,0.0,1.0
508,118,69.5,62.0,M,73.0,3,1.0,0.0
509,118,69.5,62.0,M,72.0,3,1.0,0.0
510,118,69.5,62.0,M,69.0,3,1.0,0.0
511,119,69.0,62.0,M,73.0,5,1.0,0.0
512,119,69.0,62.0,M,71.0,5,1.0,0.0
513,119,69.0,62.0,M,71.0,5,1.0,0.0
514,119,69.0,62.0,M,69.0,5,1.0,0.0
515,119,69.0,62.0,F,63.0,5,0.0,1.0
516,121,69.0,62.5,M,71.0,8,1.0,0.0
517,121,69.0,62.5,M,70.0,8,1.0,0.0
518,121,69.0,62.5,M,70.0,8,1.0,0.0
519,121,69.0,62.5,M,69.0,8,1.0,0.0
520,121,69.0,62.5,F,63.5,8,0.0,1.0
521,121,69.0,62.5,F,62.5,8,0.0,1.0
522,121,69.0,62.5,F,62.5,8,0.0,1.0
523,121,69.0,62.5,F,62.0,8,0.0,1.0
524,122,69.0,62.0,M,72.0,4,1.0,0.0
525,122,69.0,62.0,M,68.0,4,1.0,0.0
526,122,69.0,62.0,F,66.0,4,0.0,1.0
527,122,69.0,62.0,F,66.0,4,0.0,1.0
528,123,69.5,61.0,M,70.0,5,1.0,0.0
529,123,69.5,61.0,M,69.5,5,1.0,0.0
530,123,69.5,61.0,M,69.0,5,1.0,0.0
531,123,69.5,61.0,F,63.0,5,0.0,1.0
532,123,69.5,61.0,F,62.0,5,0.0,1.0
533,124,69.0,61.0,M,68.0,9,1.0,0.0
534,124,69.0,61.0,M,68.0,9,1.0,0.0
535,124,69.0,61.0,M,67.5,9,1.0,0.0
536,124,69.0,61.0,M,64.0,9,1.0,0.0
537,124,69.0,61.0,M,63.0,9,1.0,0.0
538,124,69.0,61.0,M,63.0,9,1.0,0.0
539,124,69.0,61.0,F,63.5,9,0.0,1.0
540,124,69.0,61.0,F,62.0,9,0.0,1.0
541,124,69.0,61.0,F,62.0,9,0.0,1.0
542,125,69.0,60.0,M,70.5,3,1.0,0.0
543,125,69.0,60.0,F,68.0,3,0.0,1.0
544,125,69.0,60.0,F,62.5,3,0.0,1.0
545,126,69.0,60.0,M,69.0,4,1.0,0.0
546,126,69.0,60.0,M,66.0,4,1.0,0.0
547,126,69.0,60.0,F,61.7,4,0.0,1.0
548,126,69.0,60.0,F,60.5,4,0.0,1.0
549,127,69.0,60.5,M,69.5,1,1.0,0.0
550,128,68.7,70.5,M,71.0,2,1.0,0.0
551,128,68.7,70.5,F,61.7,2,0.0,1.0
552,129,68.5,67.0,M,73.0,3,1.0,0.0
553,129,68.5,67.0,M,71.0,3,1.0,0.0
554,129,68.5,67.0,F,67.0,3,0.0,1.0
555,130,68.5,66.5,M,70.0,11,1.0,0.0
556,130,68.5,66.5,M,69.0,11,1.0,0.0
557,130,68.5,66.5,M,69.0,11,1.0,0.0
558,130,68.5,66.5,M,68.7,11,1.0,0.0
559,130,68.5,66.5,M,68.5,11,1.0,0.0
560,130,68.5,66.5,M,68.5,11,1.0,0.0
561,130,68.5,66.5,M,68.0,11,1.0,0.0
562,130,68.5,66.5,M,68.0,11,1.0,0.0
563,130,68.5,66.5,M,68.0,11,1.0,0.0
564,130,68.5,66.5,F,63.2,11,0.0,1.0
565,131,68.0,65.0,M,67.5,2,1.0,0.0
566,131,68.0,65.0,M,66.0,2,1.0,0.0
567,132,68.0,65.5,M,66.0,2,1.0,0.0
568,132,68.0,65.5,F,64.0,2,0.0,1.0
569,133,68.0,65.5,M,71.7,7,1.0,0.0
570,133,68.0,65.5,M,71.5,7,1.0,0.0
571,133,68.0,65.5,M,70.7,7,1.0,0.0
572,133,68.0,65.5,M,65.5,7,1.0,0.0
573,133,68.0,65.5,F,66.5,7,0.0,1.0
574,133,68.0,65.5,F,65.2,7,0.0,1.0
575,133,68.0,65.5,F,61.5,7,0.0,1.0
576,134,68.0,65.0,M,72.0,4,1.0,0.0
577,134,68.0,65.0,M,72.0,4,1.0,0.0
578,134,68.0,65.0,F,68.0,4,0.0,1.0
579,134,68.0,65.0,F,66.0,4,0.0,1.0
580,135,68.5,65.0,M,69.2,8,1.0,0.0
581,135,68.5,65.0,M,68.0,8,1.0,0.0
582,135,68.5,65.0,M,66.0,8,1.0,0.0
583,135,68.5,65.0,M,66.0,8,1.0,0.0
584,135,68.5,65.0,F,62.0,8,0.0,1.0
585,135,68.5,65.0,F,61.5,8,0.0,1.0
586,135,68.5,65.0,F,61.0,8,0.0,1.0
587,135,68.5,65.0,F,60.0,8,0.0,1.0
588,136,68.0,64.0,M,71.0,10,1.0,0.0
589,136,68.0,64.0,M,68.0,10,1.0,0.0
590,136,68.0,64.0,M,68.0,10,1.0,0.0
591,136,68.0,64.0,M,67.0,10,1.0,0.0
592,136,68.0,64.0,F,65.0,10,0.0,1.0
593,136,68.0,64.0,F,64.0,10,0.0,1.0
594,136,68.0,64.0,F,63.0,10,0.0,1.0
595,136,68.0,64.0,F,63.0,10,0.0,1.0
596,136,68.0,64.0,F,62.0,10,0.0,1.0
597,136,68.0,64.0,F,61.0,10,0.0,1.0
598,137,68.0,64.0,M,66.0,4,1.0,0.0
599,137,68.0,64.0,M,63.0,4,1.0,0.0
600,137,68.0,64.0,F,65.5,4,0.0,1.0
601,137,68.0,64.0,F,62.0,4,0.0,1.0
602,138,68.0,64.0,M,71.2,5,1.0,0.0
603,138,68.0,64.0,M,71.2,5,1.0,0.0
604,138,68.0,64.0,M,69.0,5,1.0,0.0
605,138,68.0,64.0,M,68.5,5,1.0,0.0
606,138,68.0,64.0,F,62.5,5,0.0,1.0
607,139,68.0,64.5,F,62.0,1,0.0,1.0
608,140,68.0,64.0,M,69.0,10,1.0,0.0
609,140,68.0,64.0,M,67.0,10,1.0,0.0
610,140,68.0,64.0,M,66.0,10,1.0,0.0
611,140,68.0,64.0,F,66.0,10,0.0,1.0
612,140,68.0,64.0,F,66.0,10,0.0,1.0
613,140,68.0,64.0,F,65.0,10,0.0,1.0
614,140,68.0,64.0,F,65.0,10,0.0,1.0
615,140,68.0,64.0,F,65.0,10,0.0,1.0
616,140,68.0,64.0,F,64.0,10,0.0,1.0
617,140,68.0,64.0,F,63.0,10,0.0,1.0
618,141,68.0,63.0,M,70.5,8,1.0,0.0
619,141,68.0,63.0,M,70.0,8,1.0,0.0
620,141,68.0,63.0,M,68.0,8,1.0,0.0
621,141,68.0,63.0,M,66.0,8,1.0,0.0
622,141,68.0,63.0,M,66.0,8,1.0,0.0
623,141,68.0,63.0,F,66.0,8,0.0,1.0
624,141,68.0,63.0,F,62.0,8,0.0,1.0
625,141,68.0,63.0,F,61.5,8,0.0,1.0
626,142,68.5,63.5,M,73.5,4,1.0,0.0
627,142,68.5,63.5,M,70.0,4,1.0,0.0
628,142,68.5,63.5,M,69.5,4,1.0,0.0
629,142,68.5,63.5,F,65.5,4,0.0,1.0
630,143,68.0,63.0,M,67.0,1,1.0,0.0
631,144,68.0,63.0,M,70.0,4,1.0,0.0
632,144,68.0,63.0,M,68.0,4,1.0,0.0
633,144,68.0,63.0,F,64.5,4,0.0,1.0
634,144,68.0,63.0,F,64.0,4,0.0,1.0
635,145,68.0,63.0,M,71.0,8,1.0,0.0
636,145,68.0,63.0,M,68.0,8,1.0,0.0
637,145,68.0,63.0,M,66.0,8,1.0,0.0
638,145,68.0,63.0,M,65.5,8,1.0,0.0
639,145,68.0,63.0,M,65.0,8,1.0,0.0
640,145,68.0,63.0,F,63.0,8,0.0,1.0
641,145,68.0,63.0,F,62.0,8,0.0,1.0
642,145,68.0,63.0,F,62.0,8,0.0,1.0
643,146,68.0,63.0,M,67.0,6,1.0,0.0
644,146,68.0,63.0,M,67.0,6,1.0,0.0
645,146,68.0,63.0,M,66.0,6,1.0,0.0
646,146,68.0,63.0,F,64.0,6,0.0,1.0
647,146,68.0,63.0,F,63.5,6,0.0,1.0
648,146,68.0,63.0,F,61.0,6,0.0,1.0
649,147,68.5,63.5,M,68.2,1,1.0,0.0
650,148,68.0,63.0,M,70.0,1,1.0,0.0
651,149,68.2,63.5,M,70.0,5,1.0,0.0
652,149,68.2,63.5,M,69.0,5,1.0,0.0
653,149,68.2,63.5,M,67.0,5,1.0,0.0
654,149,68.2,63.5,M,65.5,5,1.0,0.0
655,149,68.2,63.5,F,64.5,5,0.0,1.0
656,150,68.0,62.5,M,68.5,1,1.0,0.0
657,151,68.7,62.0,M,67.7,2,1.0,0.0
658,151,68.7,62.0,F,61.7,2,0.0,1.0
659,152,68.0,62.5,M,66.5,1,1.0,0.0
660,153,68.0,61.0,M,68.5,5,1.0,0.0
661,153,68.0,61.0,M,68.0,5,1.0,0.0
662,153,68.0,61.0,M,64.0,5,1.0,0.0
663,153,68.0,61.0,F,63.5,5,0.0,1.0
664,153,68.0,61.0,F,63.0,5,0.0,1.0
665,154,68.0,60.2,M,66.7,1,1.0,0.0
666,155,68.0,60.0,M,64.0,7,1.0,0.0
667,155,68.0,60.0,F,61.0,7,0.0,1.0
668,155,68.0,60.0,F,61.0,7,0.0,1.0
669,155,68.0,60.0,F,60.0,7,0.0,1.0
670,155,68.0,60.0,F,60.0,7,0.0,1.0
671,155,68.0,60.0,F,60.0,7,0.0,1.0
672,155,68.0,60.0,F,56.0,7,0.0,1.0
673,156,68.0,60.0,M,67.5,4,1.0,0.0
674,156,68.0,60.0,M,67.0,4,1.0,0.0
675,156,68.0,60.0,M,66.5,4,1.0,0.0
676,156,68.0,60.0,F,60.0,4,0.0,1.0
677,157,68.5,59.0,M,69.0,1,1.0,0.0
678,158,68.0,59.0,M,68.0,10,1.0,0.0
679,158,68.0,59.0,M,65.0,10,1.0,0.0
680,158,68.0,59.0,M,64.7,10,1.0,0.0
681,158,68.0,59.0,M,64.0,10,1.0,0.0
682,158,68.0,59.0,M,64.0,10,1.0,0.0
683,158,68.0,59.0,M,63.0,10,1.0,0.0
684,158,68.0,59.0,F,65.0,10,0.0,1.0
685,158,68.0,59.0,F,65.0,10,0.0,1.0
686,158,68.0,59.0,F,62.0,10,0.0,1.0
687,158,68.0,59.0,F,61.0,10,0.0,1.0
688,159,67.0,66.2,M,72.7,5,1.0,0.0
689,159,67.0,66.2,M,72.7,5,1.0,0.0
690,159,67.0,66.2,M,71.5,5,1.0,0.0
691,159,67.0,66.2,F,65.5,5,0.0,1.0
692,159,67.0,66.2,F,63.5,5,0.0,1.0
693,160,67.0,66.5,M,71.0,1,1.0,0.0
694,162,67.0,65.0,M,69.7,6,1.0,0.0
695,162,67.0,65.0,M,67.5,6,1.0,0.0
696,162,67.0,65.0,F,65.5,6,0.0,1.0
697,162,67.0,65.0,F,65.0,6,0.0,1.0
698,162,67.0,65.0,F,64.5,6,0.0,1.0
699,162,67.0,65.0,F,63.5,6,0.0,1.0
700,163,67.0,65.5,M,70.0,5,1.0,0.0
701,163,67.0,65.5,M,69.0,5,1.0,0.0
702,163,67.0,65.5,F,65.5,5,0.0,1.0
703,163,67.0,65.5,F,65.5,5,0.0,1.0
704,163,67.0,65.5,F,63.0,5,0.0,1.0
705,164,67.0,65.5,M,70.0,4,1.0,0.0
706,164,67.0,65.5,M,67.7,4,1.0,0.0
707,164,67.0,65.5,F,63.0,4,0.0,1.0
708,164,67.0,65.5,F,60.0,4,0.0,1.0
709,165,67.0,65.0,M,65.0,3,1.0,0.0
710,165,67.0,65.0,F,62.0,3,0.0,1.0
711,165,67.0,65.0,F,62.0,3,0.0,1.0
712,166,67.5,65.0,M,71.0,11,1.0,0.0
713,166,67.5,65.0,M,69.0,11,1.0,0.0
714,166,67.5,65.0,F,64.0,11,0.0,1.0
715,166,67.5,65.0,F,64.0,11,0.0,1.0
716,166,67.5,65.0,F,63.0,11,0.0,1.0
717,166,67.5,65.0,F,63.0,11,0.0,1.0
718,166,67.5,65.0,F,63.0,11,0.0,1.0
719,166,67.5,65.0,F,63.0,11,0.0,1.0
720,166,67.5,65.0,F,63.0,11,0.0,1.0
721,166,67.5,65.0,F,62.5,11,0.0,1.0
722,166,67.5,65.0,F,62.0,11,0.0,1.0
723,167,67.0,64.0,M,71.5,4,1.0,0.0
724,167,67.0,64.0,M,70.0,4,1.0,0.0
725,167,67.0,64.0,M,67.0,4,1.0,0.0
726,167,67.0,64.0,M,67.0,4,1.0,0.0
727,168,67.0,63.5,M,71.0,8,1.0,0.0
728,168,67.0,63.5,M,70.2,8,1.0,0.0
729,168,67.0,63.5,M,69.2,8,1.0,0.0
730,168,67.0,63.5,M,68.5,8,1.0,0.0
731,168,67.0,63.5,M,68.0,8,1.0,0.0
732,168,67.0,63.5,M,67.0,8,1.0,0.0
733,168,67.0,63.5,M,65.5,8,1.0,0.0
734,168,67.0,63.5,F,63.5,8,0.0,1.0
735,169,67.0,63.0,M,69.0,3,1.0,0.0
736,169,67.0,63.0,M,68.0,3,1.0,0.0
737,169,67.0,63.0,F,63.0,3,0.0,1.0
738,170,67.5,62.0,M,70.0,5,1.0,0.0
739,170,67.5,62.0,M,69.5,5,1.0,0.0
740,170,67.5,62.0,M,69.0,5,1.0,0.0
741,170,67.5,62.0,M,68.5,5,1.0,0.0
742,170,67.5,62.0,F,66.0,5,0.0,1.0
743,171,67.0,61.0,M,67.0,1,1.0,0.0
744,172,66.0,67.0,M,70.5,8,1.0,0.0
745,172,66.0,67.0,M,70.5,8,1.0,0.0
746,172,66.0,67.0,M,67.0,8,1.0,0.0
747,172,66.0,67.0,M,66.0,8,1.0,0.0
748,172,66.0,67.0,M,66.0,8,1.0,0.0
749,172,66.0,67.0,F,62.0,8,0.0,1.0
750,172,66.0,67.0,F,62.0,8,0.0,1.0
751,172,66.0,67.0,F,61.5,8,0.0,1.0
752,173,66.0,67.0,M,72.0,9,1.0,0.0
753,173,66.0,67.0,M,65.0,9,1.0,0.0
754,173,66.0,67.0,M,65.0,9,1.0,0.0
755,173,66.0,67.0,F,67.0,9,0.0,1.0
756,173,66.0,67.0,F,64.0,9,0.0,1.0
757,173,66.0,67.0,F,64.0,9,0.0,1.0
758,173,66.0,67.0,F,62.0,9,0.0,1.0
759,173,66.0,67.0,F,60.0,9,0.0,1.0
760,173,66.0,67.0,F,60.0,9,0.0,1.0
761,174,66.0,66.0,M,66.0,5,1.0,0.0
762,174,66.0,66.0,M,65.0,5,1.0,0.0
763,174,66.0,66.0,F,67.0,5,0.0,1.0
764,174,66.0,66.0,F,66.5,5,0.0,1.0
765,174,66.0,66.0,F,65.5,5,0.0,1.0
766,175,66.0,66.0,M,72.0,6,1.0,0.0
767,175,66.0,66.0,M,68.0,6,1.0,0.0
768,175,66.0,66.0,F,66.0,6,0.0,1.0
769,175,66.0,66.0,F,65.0,6,0.0,1.0
770,175,66.0,66.0,F,62.0,6,0.0,1.0
771,175,66.0,66.0,F,61.0,6,0.0,1.0
772,176,66.5,65.0,M,68.7,8,1.0,0.0
773,176,66.5,65.0,M,68.5,8,1.0,0.0
774,176,66.5,65.0,M,66.5,8,1.0,0.0
775,176,66.5,65.0,M,64.5,8,1.0,0.0
776,176,66.5,65.0,F,62.5,8,0.0,1.0
777,176,66.5,65.0,F,60.5,8,0.0,1.0
778,176,66.5,65.0,F,60.5,8,0.0,1.0
779,176,66.5,65.0,F,57.5,8,0.0,1.0
780,177,66.0,65.5,M,72.0,5,1.0,0.0
781,177,66.0,65.5,M,71.0,5,1.0,0.0
782,177,66.0,65.5,M,67.0,5,1.0,0.0
783,177,66.0,65.5,F,66.0,5,0.0,1.0
784,177,66.0,65.5,F,65.0,5,0.0,1.0
785,178,66.0,63.0,M,70.0,1,1.0,0.0
786,179,66.0,63.5,F,64.5,2,0.0,1.0
787,179,66.0,63.5,F,62.0,2,0.0,1.0
788,180,66.5,63.0,M,67.2,6,1.0,0.0
789,180,66.5,63.0,M,67.0,6,1.0,0.0
790,180,66.5,63.0,M,65.0,6,1.0,0.0
791,180,66.5,63.0,F,65.0,6,0.0,1.0
792,180,66.5,63.0,F,65.0,6,0.0,1.0
793,180,66.5,63.0,F,63.0,6,0.0,1.0
794,181,66.5,62.5,M,70.0,7,1.0,0.0
795,181,66.5,62.5,M,68.0,7,1.0,0.0
796,181,66.5,62.5,F,63.5,7,0.0,1.0
797,181,66.5,62.5,F,62.5,7,0.0,1.0
798,181,66.5,62.5,F,62.5,7,0.0,1.0
799,181,66.5,62.5,F,62.5,7,0.0,1.0
800,181,66.5,62.5,F,62.5,7,0.0,1.0
801,182,66.0,61.5,M,70.0,1,1.0,0.0
802,183,66.0,60.0,M,68.0,4,1.0,0.0
803,183,66.0,60.0,M,67.0,4,1.0,0.0
804,183,66.0,60.0,M,65.0,4,1.0,0.0
805,183,66.0,60.0,F,60.0,4,0.0,1.0
806,184,66.0,60.0,M,65.0,1,1.0,0.0
807,185,66.0,59.0,M,68.0,15,1.0,0.0
808,185,66.0,59.0,M,67.0,15,1.0,0.0
809,185,66.0,59.0,M,66.5,15,1.0,0.0
810,185,66.0,59.0,M,66.0,15,1.0,0.0
811,185,66.0,59.0,M,65.7,15,1.0,0.0
812,185,66.0,59.0,M,65.5,15,1.0,0.0
813,185,66.0,59.0,M,65.0,15,1.0,0.0
814,185,66.0,59.0,F,65.0,15,0.0,1.0
815,185,66.0,59.0,F,64.0,15,0.0,1.0
816,185,66.0,59.0,F,63.0,15,0.0,1.0
817,185,66.0,59.0,F,62.0,15,0.0,1.0
818,185,66.0,59.0,F,61.0,15,0.0,1.0
819,185,66.0,59.0,F,60.0,15,0.0,1.0
820,185,66.0,59.0,F,58.0,15,0.0,1.0
821,185,66.0,59.0,F,57.0,15,0.0,1.0
822,186,65.0,67.0,M,66.5,4,1.0,0.0
823,186,65.0,67.0,M,66.0,4,1.0,0.0
824,186,65.0,67.0,M,66.0,4,1.0,0.0
825,186,65.0,67.0,F,65.0,4,0.0,1.0
826,187,65.0,67.0,F,63.0,1,0.0,1.0
827,188,65.0,66.0,M,63.0,4,1.0,0.0
828,188,65.0,66.0,F,63.0,4,0.0,1.0
829,188,65.0,66.0,F,63.0,4,0.0,1.0
830,188,65.0,66.0,F,60.0,4,0.0,1.0
831,190,65.0,65.0,M,69.0,9,1.0,0.0
832,190,65.0,65.0,M,68.0,9,1.0,0.0
833,190,65.0,65.0,M,68.0,9,1.0,0.0
834,190,65.0,65.0,F,65.0,9,0.0,1.0
835,190,65.0,65.0,F,65.0,9,0.0,1.0
836,190,65.0,65.0,F,62.0,9,0.0,1.0
837,190,65.0,65.0,F,62.0,9,0.0,1.0
838,190,65.0,65.0,F,61.0,9,0.0,1.0
839,190,65.0,65.0,F,59.0,9,0.0,1.0
840,191,65.0,65.5,M,70.7,2,1.0,0.0
841,191,65.0,65.5,F,65.5,2,0.0,1.0
842,192,65.0,65.0,M,69.2,6,1.0,0.0
843,192,65.0,65.0,M,69.0,6,1.0,0.0
844,192,65.0,65.0,M,68.0,6,1.0,0.0
845,192,65.0,65.0,M,67.7,6,1.0,0.0
846,192,65.0,65.0,F,64.5,6,0.0,1.0
847,192,65.0,65.0,F,60.5,6,0.0,1.0
848,193,65.0,64.0,M,67.0,6,1.0,0.0
849,193,65.0,64.0,M,67.0,6,1.0,0.0
850,193,65.0,64.0,F,64.0,6,0.0,1.0
851,193,65.0,64.0,F,64.0,6,0.0,1.0
852,193,65.0,64.0,F,62.5,6,0.0,1.0
853,193,65.0,64.0,F,60.5,6,0.0,1.0
854,194,65.0,63.0,M,70.0,2,1.0,0.0
855,194,65.0,63.0,F,63.0,2,0.0,1.0
856,195,65.0,63.0,M,66.0,3,1.0,0.0
857,195,65.0,63.0,M,66.0,3,1.0,0.0
858,195,65.0,63.0,F,63.0,3,0.0,1.0
859,196,65.5,63.0,M,71.0,4,1.0,0.0
860,196,65.5,63.0,M,71.0,4,1.0,0.0
861,196,65.5,63.0,M,69.0,4,1.0,0.0
862,196,65.5,63.0,F,63.5,4,0.0,1.0
863,197,65.5,60.0,M,68.0,5,1.0,0.0
864,197,65.5,60.0,M,68.0,5,1.0,0.0
865,197,65.5,60.0,M,67.0,5,1.0,0.0
866,197,65.5,60.0,M,67.0,5,1.0,0.0
867,197,65.5,60.0,F,62.0,5,0.0,1.0
868,198,64.0,64.0,M,71.5,7,1.0,0.0
869,198,64.0,64.0,M,68.0,7,1.0,0.0
870,198,64.0,64.0,F,65.5,7,0.0,1.0
871,198,64.0,64.0,F,64.0,7,0.0,1.0
872,198,64.0,64.0,F,62.0,7,0.0,1.0
873,198,64.0,64.0,F,62.0,7,0.0,1.0
874,198,64.0,64.0,F,61.0,7,0.0,1.0
875,199,64.0,64.0,M,70.5,7,1.0,0.0
876,199,64.0,64.0,M,68.0,7,1.0,0.0
877,199,64.0,64.0,F,67.0,7,0.0,1.0
878,199,64.0,64.0,F,65.0,7,0.0,1.0
879,199,64.0,64.0,F,64.0,7,0.0,1.0
880,199,64.0,64.0,F,64.0,7,0.0,1.0
881,199,64.0,64.0,F,60.0,7,0.0,1.0
882,200,64.0,63.0,M,64.5,1,1.0,0.0
883,201,64.0,60.0,M,66.0,2,1.0,0.0
884,201,64.0,60.0,F,60.0,2,0.0,1.0
885,203,62.0,66.0,M,64.0,3,1.0,0.0
886,203,62.0,66.0,F,62.0,3,0.0,1.0
887,203,62.0,66.0,F,61.0,3,0.0,1.0
888,204,62.5,63.0,M,66.5,2,1.0,0.0
889,204,62.5,63.0,F,57.0,2,0.0,1.0
890,136A,68.5,65.0,M,72.0,8,1.0,0.0
891,136A,68.5,65.0,M,70.5,8,1.0,0.0
892,136A,68.5,65.0,M,68.7,8,1.0,0.0
893,136A,68.5,65.0,M,68.5,8,1.0,0.0
894,136A,68.5,65.0,M,67.7,8,1.0,0.0
895,136A,68.5,65.0,F,64.0,8,0.0,1.0
896,136A,68.5,65.0,F,63.5,8,0.0,1.0
897,136A,68.5,65.0,F,63.0,8,0.0,1.0
